{
	"info": {
		"_postman_id": "5eb17bab-ba5e-41c0-95be-42fdffac0fc5",
		"name": "Restaurant_Reservation",
		"schema": "https://schema.getpostman.com/json/collection/v2.1.0/collection.json",
		"_exporter_id": "33719385"
	},
	"item": [
		{
			"name": "Restaurants",
			"item": [
				{
					"name": "Get All Restaurants",
					"event": [
						{
							"listen": "test",
							"script": {
								"exec": [
									"pm.test(\"Status code is 200\", function () {\r",
									"    pm.response.to.have.status(200);\r",
									"});\r",
									"\r",
									"const response = pm.response.json();\r",
									"\r",
									"console.log(response);\r",
									"\r",
									"pm.test(\"There are some restaurants!!\", () => {\r",
									"    pm.expect(response.count).to.be.above(0);\r",
									"});\r",
									"\r",
									"pm.execution.setNextRequest(\"Create New Restaurant\");"
								],
								"type": "text/javascript",
								"packages": {}
							}
						}
					],
					"request": {
						"auth": {
							"type": "bearer",
							"bearer": [
								{
									"key": "token",
									"value": "{{TOKEN}}",
									"type": "string"
								}
							]
						},
						"method": "GET",
						"header": [],
						"url": {
							"raw": "{{URL}}/api/v1/restaurants",
							"host": [
								"{{URL}}"
							],
							"path": [
								"api",
								"v1",
								"restaurants"
							]
						}
					},
					"response": []
				},
				{
					"name": "Get Single Restaurant",
					"event": [
						{
							"listen": "test",
							"script": {
								"exec": [
									"pm.test(\"Status code is 200\", function () {\r",
									"    pm.response.to.have.status(200);\r",
									"});\r",
									"\r",
									"pm.execution.setNextRequest(\"Update Single Restaurant\");"
								],
								"type": "text/javascript",
								"packages": {}
							}
						}
					],
					"protocolProfileBehavior": {
						"disableBodyPruning": true
					},
					"request": {
						"auth": {
							"type": "bearer",
							"bearer": [
								{
									"key": "token",
									"value": "{{TOKEN}}",
									"type": "string"
								}
							]
						},
						"method": "GET",
						"header": [],
						"body": {
							"mode": "raw",
							"raw": "",
							"options": {
								"raw": {
									"language": "json"
								}
							}
						},
						"url": {
							"raw": "{{URL}}/api/v1/restaurants/:restaurant_id",
							"host": [
								"{{URL}}"
							],
							"path": [
								"api",
								"v1",
								"restaurants",
								":restaurant_id"
							],
							"variable": [
								{
									"key": "restaurant_id",
									"value": "{{global_restaurant_ID}}"
								}
							]
						}
					},
					"response": []
				},
				{
					"name": "Create New Restaurant",
					"event": [
						{
							"listen": "test",
							"script": {
								"exec": [
									"pm.test(\"Status code is 200\", function () {\r",
									"    pm.response.to.have.status(200);\r",
									"});\r",
									"\r",
									"const response = pm.response.json();\r",
									"pm.globals.set(\"global_restaurant_ID\", response._id);\r",
									"\r",
									"pm.test(\"Restaurant _id exists\", function () {\r",
									"    pm.expect(response._id).to.not.be.undefined;\r",
									"});\r",
									"\r",
									"pm.execution.setNextRequest(\"Get Single Restaurant\");\r",
									""
								],
								"type": "text/javascript",
								"packages": {}
							}
						}
					],
					"request": {
						"auth": {
							"type": "bearer",
							"bearer": [
								{
									"key": "token",
									"value": "{{TOKEN}}",
									"type": "string"
								}
							]
						},
						"method": "POST",
						"header": [],
						"body": {
							"mode": "raw",
							"raw": "{\r\n  \"name\": \"{{$randomFullName}}\",\r\n  \"address\": \"88 Rama 9 Road\",\r\n  \"phone\": \"0812223333\",\r\n  \"openTime\": \"10:00\",\r\n  \"closeTime\": \"22:00\"\r\n}",
							"options": {
								"raw": {
									"language": "json"
								}
							}
						},
						"url": {
							"raw": "{{URL}}/api/v1/restaurants",
							"host": [
								"{{URL}}"
							],
							"path": [
								"api",
								"v1",
								"restaurants"
							]
						}
					},
					"response": []
				},
				{
					"name": "Update Single Restaurant",
					"event": [
						{
							"listen": "test",
							"script": {
								"exec": [
									"pm.test(\"Status code is 200\", function () {\r",
									"    pm.response.to.have.status(200);\r",
									"});\r",
									"\r",
									"pm.execution.setNextRequest(\"Delete Single Restaurant\");"
								],
								"type": "text/javascript",
								"packages": {}
							}
						}
					],
					"request": {
						"auth": {
							"type": "bearer",
							"bearer": [
								{
									"key": "token",
									"value": "{{TOKEN}}",
									"type": "string"
								}
							]
						},
						"method": "PUT",
						"header": [],
						"body": {
							"mode": "raw",
							"raw": "{\r\n    \"name\": \"{{$randomFullName}}\"\r\n}",
							"options": {
								"raw": {
									"language": "json"
								}
							}
						},
						"url": {
							"raw": "{{URL}}/api/v1/restaurants/:restaurant_id",
							"host": [
								"{{URL}}"
							],
							"path": [
								"api",
								"v1",
								"restaurants",
								":restaurant_id"
							],
							"variable": [
								{
									"key": "restaurant_id",
									"value": "{{global_restaurant_ID}}"
								}
							]
						}
					},
					"response": []
				},
				{
					"name": "Delete Single Restaurant",
					"event": [
						{
							"listen": "test",
							"script": {
								"exec": [
									"pm.test(\"Status code is 200\", function () {\r",
									"    pm.response.to.have.status(200);\r",
									"});\r",
									"\r",
									"pm.execution.setNextRequest(null);"
								],
								"type": "text/javascript",
								"packages": {}
							}
						}
					],
					"request": {
						"auth": {
							"type": "bearer",
							"bearer": [
								{
									"key": "token",
									"value": "{{TOKEN}}",
									"type": "string"
								}
							]
						},
						"method": "DELETE",
						"header": [],
						"url": {
							"raw": "{{URL}}/api/v1/restaurants/:restaurant_id",
							"host": [
								"{{URL}}"
							],
							"path": [
								"api",
								"v1",
								"restaurants",
								":restaurant_id"
							],
							"variable": [
								{
									"key": "restaurant_id",
									"value": "{{global_restaurant_ID}}"
								}
							]
						}
					},
					"response": []
				}
			]
		},
		{
			"name": "Reservations",
			"item": [
				{
					"name": "Get All Reservations",
					"event": [
						{
							"listen": "test",
							"script": {
								"exec": [
									"pm.test(\"Status code is 200\", function () {\r",
									"    pm.response.to.have.status(200);\r",
									"});\r",
									"\r",
									"pm.execution.setNextRequest(\"Create New Reservation\");"
								],
								"type": "text/javascript",
								"packages": {}
							}
						}
					],
					"request": {
						"auth": {
							"type": "bearer",
							"bearer": [
								{
									"key": "token",
									"value": "{{TOKEN}}",
									"type": "string"
								}
							]
						},
						"method": "GET",
						"header": [],
						"url": {
							"raw": "{{URL}}/api/v1/reservations",
							"host": [
								"{{URL}}"
							],
							"path": [
								"api",
								"v1",
								"reservations"
							]
						}
					},
					"response": []
				},
				{
					"name": "Get My Reservation",
					"event": [
						{
							"listen": "test",
							"script": {
								"exec": [
									"pm.test(\"Status code is 200\", function () {\r",
									"    pm.response.to.have.status(200);\r",
									"});\r",
									"\r",
									"pm.execution.setNextRequest(\"Update Single Reservation\")"
								],
								"type": "text/javascript",
								"packages": {}
							}
						}
					],
					"request": {
						"auth": {
							"type": "bearer",
							"bearer": [
								{
									"key": "token",
									"value": "{{TOKEN}}",
									"type": "string"
								}
							]
						},
						"method": "GET",
						"header": [],
						"url": {
							"raw": "{{URL}}/api/v1/reservations/my",
							"host": [
								"{{URL}}"
							],
							"path": [
								"api",
								"v1",
								"reservations",
								"my"
							]
						}
					},
					"response": []
				},
				{
					"name": "Create New Reservation",
					"event": [
						{
							"listen": "test",
							"script": {
								"exec": [
									"pm.test(\"Status code is 201\", function () {\r",
									"    pm.response.to.have.status(201);\r",
									"});\r",
									"\r",
									"const response = pm.response.json();\r",
									"const new_reservation_id = response._id;\r",
									"\r",
									"pm.globals.set(\"global_reservation_ID\", new_reservation_id);\r",
									"\r",
									"pm.execution.setNextRequest(\"Get My Reservation\");"
								],
								"type": "text/javascript",
								"packages": {}
							}
						}
					],
					"request": {
						"auth": {
							"type": "bearer",
							"bearer": [
								{
									"key": "token",
									"value": "{{TOKEN}}",
									"type": "string"
								}
							]
						},
						"method": "POST",
						"header": [],
						"body": {
							"mode": "raw",
							"raw": "{\r\n    \"restaurantId\": \"67fa51d0d1d9df4ec9d53b38\",\r\n    \"date\": \"15-4-2022\",\r\n    \"time\": \"15:30\",\r\n    \"people\": \"5\"\r\n}",
							"options": {
								"raw": {
									"language": "json"
								}
							}
						},
						"url": {
							"raw": "{{URL}}/api/v1/reservations",
							"host": [
								"{{URL}}"
							],
							"path": [
								"api",
								"v1",
								"reservations"
							]
						}
					},
					"response": []
				},
				{
					"name": "Update Single Reservation",
					"event": [
						{
							"listen": "test",
							"script": {
								"exec": [
									"pm.test(\"Status code is 200\", function () {\r",
									"    pm.response.to.have.status(200);\r",
									"});\r",
									"\r",
									"pm.execution.setNextRequest(\"Delete Reservation\");"
								],
								"type": "text/javascript",
								"packages": {}
							}
						}
					],
					"request": {
						"auth": {
							"type": "bearer",
							"bearer": [
								{
									"key": "token",
									"value": "{{TOKEN}}",
									"type": "string"
								}
							]
						},
						"method": "PUT",
						"header": [],
						"body": {
							"mode": "raw",
							"raw": "{\r\n  \"date\": \"2025-04-18\",\r\n  \"time\": \"19:00\",\r\n  \"people\": 6\r\n}",
							"options": {
								"raw": {
									"language": "json"
								}
							}
						},
						"url": {
							"raw": "{{URL}}/api/v1/reservations/:reservation_id",
							"host": [
								"{{URL}}"
							],
							"path": [
								"api",
								"v1",
								"reservations",
								":reservation_id"
							],
							"variable": [
								{
									"key": "reservation_id",
									"value": "{{global_reservation_ID}}"
								}
							]
						}
					},
					"response": []
				},
				{
					"name": "Delete Reservation",
					"event": [
						{
							"listen": "test",
							"script": {
								"exec": [
									"pm.test(\"Status code is 200\", function () {\r",
									"    pm.response.to.have.status(200);\r",
									"});\r",
									"\r",
									"pm.execution.setNextRequest(null);"
								],
								"type": "text/javascript",
								"packages": {}
							}
						}
					],
					"request": {
						"auth": {
							"type": "bearer",
							"bearer": [
								{
									"key": "token",
									"value": "{{TOKEN}}",
									"type": "string"
								}
							]
						},
						"method": "DELETE",
						"header": [],
						"url": {
							"raw": "{{URL}}/api/v1/reservations/:reservation_id",
							"host": [
								"{{URL}}"
							],
							"path": [
								"api",
								"v1",
								"reservations",
								":reservation_id"
							],
							"variable": [
								{
									"key": "reservation_id",
									"value": "{{global_reservation_ID}}"
								}
							]
						}
					},
					"response": []
				}
			]
		},
		{
			"name": "Authentication",
			"item": [
				{
					"name": "Register",
					"event": [
						{
							"listen": "test",
							"script": {
								"exec": [
									"pm.environment.set(\"TOKEN\", pm.response.json().token)"
								],
								"type": "text/javascript",
								"packages": {}
							}
						}
					],
					"request": {
						"method": "POST",
						"header": [],
						"body": {
							"mode": "raw",
							"raw": "{\r\n  \"name\": \"test2\",\r\n  \"phone\": \"0812345678\",\r\n  \"email\": \"test2@example.com\",\r\n  \"password\": \"123456\",\r\n  \"role\": \"user\"\r\n}",
							"options": {
								"raw": {
									"language": "json"
								}
							}
						},
						"url": {
							"raw": "{{URL}}/api/v1/auth/register",
							"host": [
								"{{URL}}"
							],
							"path": [
								"api",
								"v1",
								"auth",
								"register"
							]
						}
					},
					"response": []
				},
				{
					"name": "Login",
					"event": [
						{
							"listen": "test",
							"script": {
								"exec": [
									"pm.environment.set(\"TOKEN\", pm.response.json().token)"
								],
								"type": "text/javascript",
								"packages": {}
							}
						}
					],
					"request": {
						"method": "POST",
						"header": [],
						"body": {
							"mode": "raw",
							"raw": "{\r\n  \"email\": \"admin@example.com\",\r\n  \"password\": \"123456\"\r\n}\r\n",
							"options": {
								"raw": {
									"language": "json"
								}
							}
						},
						"url": {
							"raw": "{{URL}}/api/v1/auth/login",
							"host": [
								"{{URL}}"
							],
							"path": [
								"api",
								"v1",
								"auth",
								"login"
							]
						}
					},
					"response": []
				},
				{
					"name": "GetMe",
					"request": {
						"auth": {
							"type": "bearer",
							"bearer": [
								{
									"key": "token",
									"value": "{{TOKEN}}",
									"type": "string"
								}
							]
						},
						"method": "GET",
						"header": [
							{
								"key": "Authorization",
								"value": "Bearer eyJhbGciOiJIUzI1NiIsInR5cCI6IkpXVCJ9.eyJpZCI6IjY3ZmE1YjI0Mzg0YmQxNzU0OTkyZTJjMSIsImlhdCI6MTc0NDQ2MDk3NSwiZXhwIjoxNzQ0NTQ3Mzc1fQ.G2LeeCRDuiXz3Ex37j5nugcl_ZH4U355QxNLwv6Hm1w",
								"type": "text"
							}
						],
						"url": {
							"raw": "{{URL}}/api/v1/auth/me",
							"host": [
								"{{URL}}"
							],
							"path": [
								"api",
								"v1",
								"auth",
								"me"
							]
						}
					},
					"response": []
				},
				{
					"name": "Logout",
					"event": [
						{
							"listen": "test",
							"script": {
								"exec": [
									"pm.environment.set(\"TOKEN\", null)"
								],
								"type": "text/javascript",
								"packages": {}
							}
						}
					],
					"request": {
						"auth": {
							"type": "bearer",
							"bearer": [
								{
									"key": "token",
									"value": "{{TOKEN}}",
									"type": "string"
								}
							]
						},
						"method": "POST",
						"header": [],
						"url": {
							"raw": "{{URL}}/api/v1/auth/logout",
							"host": [
								"{{URL}}"
							],
							"path": [
								"api",
								"v1",
								"auth",
								"logout"
							]
						}
					},
					"response": []
				}
			]
		}
	]
}